,cross,cross_angle,para,para_angle,IR,Frequency,IR,Frequency,dip_x,dip_y,dip_z,total,B1,B5,L,loc_B5,loc_B1,bond length[1 2],bond length[1 4],"angle_[1, 4, 5]","dihedral_[19, 20, 21, 24]",iso,aniso
AB_para_methoxy,647.9602,89.5402496901911,567.7829,3.0101350064640626,0.3750552,1672.2933,0.36911216999999996,776.128,4.48542579965215,-1.4281950612411833,-2.072661060776981,5.1434,1.7,5.622938288325411,10.3929,4.9121,1.7,1.298958760888505,1.3884713525258632,40.54961317550325,179.84566694168274,271.629,234.87199999999999
